purpose_id,organ,element,state,ingredient_id,strength,priority,rationale
P_脾_血_不足,脾,血,不足,I001,3,2,脾血不足への作用(赤貝)
P_肝_水_不足,肝,水,不足,I002,3,2,肝水不足への作用(アサリ)
P_肝_熱_過剰,肝,熱,過剰,I002,3,2,肝熱過剰への作用(アサリ)
P_心_水_不足,心,水,不足,I002,3,2,心水不足への作用(アサリ)
P_心_熱_過剰,心,熱,過剰,I002,3,2,心熱過剰への作用(アサリ)
P_肺_水_不足,肺,水,不足,I002,3,2,肺水不足への作用(アサリ)
P_肺_熱_過剰,肺,熱,過剰,I002,3,2,肺熱過剰への作用(アサリ)
P_腎_水_不足,腎,水,不足,I002,3,2,腎水不足への作用(アサリ)
P_腎_熱_過剰,腎,熱,過剰,I002,3,2,腎熱過剰への作用(アサリ)
P_脾_熱_不足,脾,熱,不足,I003,3,2,脾熱不足への作用(アジ)
P_脾_水_停滞,脾,水,停滞,I004,3,2,脾水停滞への作用(小豆)
P_肺_水_停滞,肺,水,停滞,I004,3,2,肺水停滞への作用(小豆)
P_腎_水_停滞,腎,水,停滞,I004,3,2,腎水停滞への作用(小豆)
P_肺_水_不足,肺,水,不足,I005,3,2,肺水不足への作用(アスパラガス)
P_腎_水_不足,腎,水,不足,I005,3,2,腎水不足への作用(アスパラガス)
P_脾_熱_過剰,脾,熱,過剰,I006,3,2,脾熱過剰への作用(アワ)
P_肺_水_不足,肺,水,不足,I007,3,2,肺水不足への作用(アワビ)
P_腎_水_不足,腎,水,不足,I007,3,2,腎水不足への作用(アワビ)
P_肝_血_不足,肝,血,不足,I008,3,2,肝血不足への作用(イカ)
P_心_血_不足,心,血,不足,I008,3,2,心血不足への作用(イカ)
P_脾_水_不足,脾,水,不足,I009,3,2,脾水不足への作用(イチゴ)
P_脾_水_不足,脾,水,不足,I010,3,2,脾水不足への作用(イチジク)
P_脾_熱_過剰,脾,熱,過剰,I010,3,2,脾熱過剰への作用(イチジク)
P_肺_水_不足,肺,水,不足,I011,3,2,肺水不足への作用(猪肉)
P_腎_水_不足,腎,水,不足,I011,3,2,腎水不足への作用(猪肉)
P_脾_気_不足,脾,気,不足,I012,3,2,脾気不足への作用(イワシ)
P_肺_気_不足,肺,気,不足,I012,3,2,肺気不足への作用(イワシ)
P_脾_熱_不足,脾,熱,不足,I013,3,2,脾熱不足への作用(イワナ)
P_腎_熱_不足,腎,熱,不足,I013,3,2,腎熱不足への作用(イワナ)
P_脾_気_不足,脾,気,不足,I014,3,2,脾気不足への作用(インゲン)
P_肺_水_不足,肺,水,不足,I015,3,2,肺水不足への作用(ウズラのタマゴ)
P_腎_水_不足,腎,水,不足,I015,3,2,腎水不足への作用(ウズラのタマゴ)
P_脾_水_停滞,脾,水,停滞,I016,3,2,脾水停滞への作用(ウド)
P_肺_水_停滞,肺,水,停滞,I016,3,2,肺水停滞への作用(ウド)
P_腎_水_停滞,腎,水,停滞,I016,3,2,腎水停滞への作用(ウド)
P_脾_気_不足,脾,気,不足,I017,3,2,脾気不足への作用(ウナギ)
P_脾_血_停滞,脾,血,停滞,I018,3,2,脾血停滞への作用(ウニ)
P_肺_水_不足,肺,水,不足,I019,3,2,肺水不足への作用(梅)
P_腎_水_不足,腎,水,不足,I019,3,2,腎水不足への作用(梅)
P_脾_気_不足,脾,気,不足,I020,3,2,脾気不足への作用(うるち米)
P_肝_気_停滞,肝,気,停滞,I021,3,2,肝気停滞への作用(エシャロット)
P_脾_気_停滞,脾,気,停滞,I021,3,2,脾気停滞への作用(エシャロット)
P_肺_気_停滞,肺,気,停滞,I021,3,2,肺気停滞への作用(エシャロット)
P_脾_熱_不足,脾,熱,不足,I022,3,2,脾熱不足への作用(エビ)
P_腎_熱_不足,腎,熱,不足,I022,3,2,腎熱不足への作用(エビ)
P_脾_気_不足,脾,気,不足,I023,3,2,脾気不足への作用(オートミール)
P_脾_熱_過剰,脾,熱,過剰,I024,3,2,脾熱過剰への作用(大麦)
P_脾_熱_過剰,脾,熱,過剰,I025,3,2,脾熱過剰への作用(おから)
P_脾_気_不足,脾,気,不足,I026,3,2,脾気不足への作用(オクラ)
P_脾_水_不足,脾,水,不足,I026,3,2,脾水不足への作用(オクラ)
P_脾_気_不足,脾,気,不足,I027,3,2,脾気不足への作用(おこげ)
P_脾_気_不足,脾,気,不足,I028,3,2,脾気不足への作用(オタネニンジン（高麗人参、吉林人参）)
P_肝_熱_過剰,肝,熱,過剰,I029,3,2,肝熱過剰への作用(オリーブ)
P_心_熱_過剰,心,熱,過剰,I029,3,2,心熱過剰への作用(オリーブ)
P_脾_気_停滞,脾,気,停滞,I030,3,2,脾気停滞への作用(オレンジ)
P_肝_血_停滞,肝,血,停滞,I031,3,2,肝血停滞への作用(海藻（ワカメ、ヒジキなど）)
P_肝_水_停滞,肝,水,停滞,I031,3,2,肝水停滞への作用(海藻（ワカメ、ヒジキなど）)
P_脾_血_停滞,脾,血,停滞,I031,3,2,脾血停滞への作用(海藻（ワカメ、ヒジキなど）)
P_脾_水_停滞,脾,水,停滞,I031,3,2,脾水停滞への作用(海藻（ワカメ、ヒジキなど）)
P_肺_血_停滞,肺,血,停滞,I031,3,2,肺血停滞への作用(海藻（ワカメ、ヒジキなど）)
P_肺_水_停滞,肺,水,停滞,I031,3,2,肺水停滞への作用(海藻（ワカメ、ヒジキなど）)
P_腎_血_停滞,腎,血,停滞,I031,3,2,腎血停滞への作用(海藻（ワカメ、ヒジキなど）)
P_腎_水_停滞,腎,水,停滞,I031,3,2,腎水停滞への作用(海藻（ワカメ、ヒジキなど）)
P_肺_水_不足,肺,水,不足,I032,3,2,肺水不足への作用(カキ)
P_腎_水_不足,腎,水,不足,I032,3,2,腎水不足への作用(カキ)
P_肝_水_不足,肝,水,不足,I033,3,2,肝水不足への作用(柿)
P_肝_熱_過剰,肝,熱,過剰,I033,3,2,肝熱過剰への作用(柿)
P_心_水_不足,心,水,不足,I033,3,2,心水不足への作用(柿)
P_心_熱_過剰,心,熱,過剰,I033,3,2,心熱過剰への作用(柿)
P_肺_水_不足,肺,水,不足,I033,3,2,肺水不足への作用(柿)
P_肺_熱_過剰,肺,熱,過剰,I033,3,2,肺熱過剰への作用(柿)
P_腎_水_不足,腎,水,不足,I033,3,2,腎水不足への作用(柿)
P_腎_熱_過剰,腎,熱,過剰,I033,3,2,腎熱過剰への作用(柿)
P_脾_熱_不足,脾,熱,不足,I034,3,2,脾熱不足への作用(花椒、山椒)
P_腎_熱_不足,腎,熱,不足,I034,3,2,腎熱不足への作用(花椒、山椒)
P_脾_気_不足,脾,気,不足,I035,3,2,脾気不足への作用(カツオ)
P_肝_熱_過剰,肝,熱,過剰,I036,3,2,肝熱過剰への作用(カニ)
P_心_熱_過剰,心,熱,過剰,I036,3,2,心熱過剰への作用(カニ)
P_脾_気_不足,脾,気,不足,I037,3,2,脾気不足への作用(カブ)
P_脾_水_停滞,脾,水,停滞,I037,3,2,脾水停滞への作用(カブ)
P_肺_気_不足,肺,気,不足,I037,3,2,肺気不足への作用(カブ)
P_肺_水_停滞,肺,水,停滞,I037,3,2,肺水停滞への作用(カブ)
P_腎_気_不足,腎,気,不足,I037,3,2,腎気不足への作用(カブ)
P_腎_水_停滞,腎,水,停滞,I037,3,2,腎水停滞への作用(カブ)
P_脾_気_不足,脾,気,不足,I038,3,2,脾気不足への作用(カボチャ)
P_脾_水_不足,脾,水,不足,I039,3,2,脾水不足への作用(鴨肉)
P_脾_気_不足,脾,気,不足,I040,3,2,脾気不足への作用(カリフラワー)
P_肝_気_停滞,肝,気,停滞,I041,3,2,肝気停滞への作用(カルダモン)
P_肝_水_停滞,肝,水,停滞,I041,3,2,肝水停滞への作用(カルダモン)
P_肝_熱_不足,肝,熱,不足,I041,3,2,肝熱不足への作用(カルダモン)
P_脾_気_停滞,脾,気,停滞,I041,3,2,脾気停滞への作用(カルダモン)
P_脾_水_停滞,脾,水,停滞,I041,3,2,脾水停滞への作用(カルダモン)
P_脾_熱_不足,脾,熱,不足,I041,3,2,脾熱不足への作用(カルダモン)
P_肺_気_停滞,肺,気,停滞,I041,3,2,肺気停滞への作用(カルダモン)
P_肺_水_停滞,肺,水,停滞,I041,3,2,肺水停滞への作用(カルダモン)
P_肺_熱_不足,肺,熱,不足,I041,3,2,肺熱不足への作用(カルダモン)
P_腎_気_停滞,腎,気,停滞,I041,3,2,腎気停滞への作用(カルダモン)
P_腎_水_停滞,腎,水,停滞,I041,3,2,腎水停滞への作用(カルダモン)
P_腎_熱_不足,腎,熱,不足,I041,3,2,腎熱不足への作用(カルダモン)
P_脾_熱_過剰,脾,熱,過剰,I042,3,2,脾熱過剰への作用(キウイフルーツ)
P_肝_熱_過剰,肝,熱,過剰,I043,3,2,肝熱過剰への作用(菊花)
P_心_熱_過剰,心,熱,過剰,I043,3,2,心熱過剰への作用(菊花)
P_脾_熱_過剰,脾,熱,過剰,I044,3,2,脾熱過剰への作用(キビ)
P_脾_気_不足,脾,気,不足,I045,3,2,脾気不足への作用(キャベツ)
P_脾_気_不足,脾,気,不足,I046,3,2,脾気不足への作用(牛肉)
P_脾_水_不足,脾,水,不足,I047,3,2,脾水不足への作用(牛乳)
P_肝_熱_過剰,肝,熱,過剰,I048,3,2,肝熱過剰への作用(キュウリ)
P_心_熱_過剰,心,熱,過剰,I048,3,2,心熱過剰への作用(キュウリ)
P_肺_水_不足,肺,水,不足,I049,3,2,肺水不足への作用(杏仁（きょうにん）)
P_腎_水_不足,腎,水,不足,I049,3,2,腎水不足への作用(杏仁（きょうにん）)
P_肝_気_停滞,肝,気,停滞,I050,3,2,肝気停滞への作用(キンカン)
P_脾_気_停滞,脾,気,停滞,I050,3,2,脾気停滞への作用(キンカン)
P_肺_気_停滞,肺,気,停滞,I050,3,2,肺気停滞への作用(キンカン)
P_脾_水_停滞,脾,水,停滞,I051,3,2,脾水停滞への作用(金針菜（きんしんさい）)
P_肺_水_停滞,肺,水,停滞,I051,3,2,肺水停滞への作用(金針菜（きんしんさい）)
P_腎_水_停滞,腎,水,停滞,I051,3,2,腎水停滞への作用(金針菜（きんしんさい）)
P_肺_水_不足,肺,水,不足,I052,3,2,肺水不足への作用(銀杏)
P_腎_水_不足,腎,水,不足,I052,3,2,腎水不足への作用(銀杏)
P_肝_水_停滞,肝,水,停滞,I053,3,2,肝水停滞への作用(空心菜)
P_肝_熱_過剰,肝,熱,過剰,I053,3,2,肝熱過剰への作用(空心菜)
P_心_水_停滞,心,水,停滞,I053,3,2,心水停滞への作用(空心菜)
P_心_熱_過剰,心,熱,過剰,I053,3,2,心熱過剰への作用(空心菜)
P_脾_水_停滞,脾,水,停滞,I053,3,2,脾水停滞への作用(空心菜)
P_脾_熱_過剰,脾,熱,過剰,I053,3,2,脾熱過剰への作用(空心菜)
P_肺_水_停滞,肺,水,停滞,I053,3,2,肺水停滞への作用(空心菜)
P_肺_熱_過剰,肺,熱,過剰,I053,3,2,肺熱過剰への作用(空心菜)
P_腎_水_停滞,腎,水,停滞,I053,3,2,腎水停滞への作用(空心菜)
P_腎_熱_過剰,腎,熱,過剰,I053,3,2,腎熱過剰への作用(空心菜)
P_肺_水_不足,肺,水,不足,I054,3,2,肺水不足への作用(クコの実)
P_腎_水_不足,腎,水,不足,I054,3,2,腎水不足への作用(クコの実)
P_肺_水_不足,肺,水,不足,I055,3,2,肺水不足への作用(くず（葛根）)
P_腎_水_不足,腎,水,不足,I055,3,2,腎水不足への作用(くず（葛根）)
P_肝_血_停滞,肝,血,停滞,I056,3,2,肝血停滞への作用(クラゲ)
P_肝_水_不足,肝,水,不足,I056,3,2,肝水不足への作用(クラゲ)
P_肝_熱_過剰,肝,熱,過剰,I056,3,2,肝熱過剰への作用(クラゲ)
P_心_血_停滞,心,血,停滞,I056,3,2,心血停滞への作用(クラゲ)
P_心_水_不足,心,水,不足,I056,3,2,心水不足への作用(クラゲ)
P_心_熱_過剰,心,熱,過剰,I056,3,2,心熱過剰への作用(クラゲ)
P_肺_血_停滞,肺,血,停滞,I056,3,2,肺血停滞への作用(クラゲ)
P_肺_水_不足,肺,水,不足,I056,3,2,肺水不足への作用(クラゲ)
P_肺_熱_過剰,肺,熱,過剰,I056,3,2,肺熱過剰への作用(クラゲ)
P_腎_血_停滞,腎,血,停滞,I056,3,2,腎血停滞への作用(クラゲ)
P_腎_水_不足,腎,水,不足,I056,3,2,腎水不足への作用(クラゲ)
P_腎_熱_過剰,腎,熱,過剰,I056,3,2,腎熱過剰への作用(クラゲ)
P_脾_気_不足,脾,気,不足,I057,3,2,脾気不足への作用(栗)
P_脾_気_停滞,脾,気,停滞,I058,3,2,脾気停滞への作用(グリンピース)
P_脾_熱_不足,脾,熱,不足,I059,3,2,脾熱不足への作用(クルミ)
P_腎_熱_不足,腎,熱,不足,I059,3,2,腎熱不足への作用(クルミ)
P_脾_熱_不足,脾,熱,不足,I060,3,2,脾熱不足への作用(クローブ)
P_腎_熱_不足,腎,熱,不足,I060,3,2,腎熱不足への作用(クローブ)
P_脾_水_不足,脾,水,不足,I061,3,2,脾水不足への作用(黒キクラゲ)
P_肺_水_不足,肺,水,不足,I062,3,2,肺水不足への作用(黒ゴマ)
P_腎_水_不足,腎,水,不足,I062,3,2,腎水不足への作用(黒ゴマ)
P_脾_熱_不足,脾,熱,不足,I063,3,2,脾熱不足への作用(黒砂糖)
P_腎_熱_不足,腎,熱,不足,I063,3,2,腎熱不足への作用(黒砂糖)
P_脾_水_停滞,脾,水,停滞,I064,3,2,脾水停滞への作用(黒豆)
P_肺_水_停滞,肺,水,停滞,I064,3,2,肺水停滞への作用(黒豆)
P_腎_水_停滞,腎,水,停滞,I064,3,2,腎水停滞への作用(黒豆)
P_肝_血_停滞,肝,血,停滞,I065,3,2,肝血停滞への作用(クワイ)
P_肺_水_不足,肺,水,不足,I066,3,2,肺水不足への作用(クワの実)
P_腎_水_不足,腎,水,不足,I066,3,2,腎水不足への作用(クワの実)
P_肝_血_停滞,肝,血,停滞,I067,3,2,肝血停滞への作用(紅花（こうか、べにばな）)
P_脾_気_不足,脾,気,不足,I068,3,2,脾気不足への作用(氷砂糖)
P_脾_水_不足,脾,水,不足,I068,3,2,脾水不足への作用(氷砂糖)
P_脾_熱_不足,脾,熱,不足,I069,3,2,脾熱不足への作用(コショウ)
P_肺_水_不足,肺,水,不足,I070,3,2,肺水不足への作用(小松菜)
P_腎_水_不足,腎,水,不足,I070,3,2,腎水不足への作用(小松菜)
P_脾_熱_過剰,脾,熱,過剰,I071,3,2,脾熱過剰への作用(小麦)
P_肝_熱_過剰,肝,熱,過剰,I072,3,2,肝熱過剰への作用(コンニャク)
P_心_熱_過剰,心,熱,過剰,I072,3,2,心熱過剰への作用(コンニャク)
P_肝_血_停滞,肝,血,停滞,I073,3,2,肝血停滞への作用(昆布)
P_肝_水_停滞,肝,水,停滞,I073,3,2,肝水停滞への作用(昆布)
P_脾_血_停滞,脾,血,停滞,I073,3,2,脾血停滞への作用(昆布)
P_脾_水_停滞,脾,水,停滞,I073,3,2,脾水停滞への作用(昆布)
P_肺_血_停滞,肺,血,停滞,I073,3,2,肺血停滞への作用(昆布)
P_肺_水_停滞,肺,水,停滞,I073,3,2,肺水停滞への作用(昆布)
P_腎_血_停滞,腎,血,停滞,I073,3,2,腎血停滞への作用(昆布)
P_腎_水_停滞,腎,水,停滞,I073,3,2,腎水停滞への作用(昆布)
P_脾_気_不足,脾,気,不足,I074,3,2,脾気不足への作用(サクランボ)
P_脾_水_不足,脾,水,不足,I074,3,2,脾水不足への作用(サクランボ)
P_脾_水_停滞,脾,水,停滞,I074,3,2,脾水停滞への作用(サクランボ)
P_肺_水_不足,肺,水,不足,I075,3,2,肺水不足への作用(ザクロ)
P_腎_水_不足,腎,水,不足,I075,3,2,腎水不足への作用(ザクロ)
P_脾_熱_不足,脾,熱,不足,I076,3,2,脾熱不足への作用(サケ)
P_肝_気_停滞,肝,気,停滞,I077,3,2,肝気停滞への作用(酒)
P_肝_血_停滞,肝,血,停滞,I077,3,2,肝血停滞への作用(酒)
P_脾_気_停滞,脾,気,停滞,I077,3,2,脾気停滞への作用(酒)
P_脾_血_停滞,脾,血,停滞,I077,3,2,脾血停滞への作用(酒)
P_肺_気_停滞,肺,気,停滞,I077,3,2,肺気停滞への作用(酒)
P_肺_血_停滞,肺,血,停滞,I077,3,2,肺血停滞への作用(酒)
P_脾_気_不足,脾,気,不足,I078,3,2,脾気不足への作用(サツマイモ)
P_脾_血_停滞,脾,血,停滞,I079,3,2,脾血停滞への作用(サトイモ)
P_脾_気_不足,脾,気,不足,I080,3,2,脾気不足への作用(サバ)
P_脾_気_停滞,脾,気,停滞,I081,3,2,脾気停滞への作用(ザボン)
P_脾_気_不足,脾,気,不足,I082,3,2,脾気不足への作用(山査子（さんざし）)
P_脾_血_停滞,脾,血,停滞,I082,3,2,脾血停滞への作用(山査子（さんざし）)
P_脾_気_不足,脾,気,不足,I083,3,2,脾気不足への作用(シイタケ、キノコ類)
P_肝_熱_過剰,肝,熱,過剰,I084,3,2,肝熱過剰への作用(塩)
P_心_熱_過剰,心,熱,過剰,I084,3,2,心熱過剰への作用(塩)
P_肝_熱_過剰,肝,熱,過剰,I085,3,2,肝熱過剰への作用(シジミ)
P_心_熱_過剰,心,熱,過剰,I085,3,2,心熱過剰への作用(シジミ)
P_脾_気_停滞,脾,気,停滞,I086,3,2,脾気停滞への作用(シソ)
P_脾_熱_不足,脾,熱,不足,I086,3,2,脾熱不足への作用(シソ)
P_脾_熱_不足,脾,熱,不足,I087,3,2,脾熱不足への作用(シナモン)
P_腎_熱_不足,腎,熱,不足,I087,3,2,腎熱不足への作用(シナモン)
P_脾_気_不足,脾,気,不足,I088,3,2,脾気不足への作用(ジャガイモ)
P_脾_気_停滞,脾,気,停滞,I089,3,2,脾気停滞への作用(ジャスミン)
P_脾_気_不足,脾,気,不足,I090,3,2,脾気不足への作用(春菊)
P_肝_熱_過剰,肝,熱,過剰,I091,3,2,肝熱過剰への作用(じゅんさい)
P_心_熱_過剰,心,熱,過剰,I091,3,2,心熱過剰への作用(じゅんさい)
P_脾_水_不足,脾,水,不足,I092,3,2,脾水不足への作用(ショウガ)
P_脾_熱_不足,脾,熱,不足,I092,3,2,脾熱不足への作用(ショウガ)
P_肝_熱_過剰,肝,熱,過剰,I093,3,2,肝熱過剰への作用(しょうゆ)
P_心_熱_過剰,心,熱,過剰,I093,3,2,心熱過剰への作用(しょうゆ)
P_脾_水_停滞,脾,水,停滞,I094,3,2,脾水停滞への作用(シラウオ)
P_肺_水_不足,肺,水,不足,I095,3,2,肺水不足への作用(白キクラゲ)
P_腎_水_不足,腎,水,不足,I095,3,2,腎水不足への作用(白キクラゲ)
P_肺_水_不足,肺,水,不足,I096,3,2,肺水不足への作用(白ゴマ)
P_腎_水_不足,腎,水,不足,I096,3,2,腎水不足への作用(白ゴマ)
P_肝_血_停滞,肝,血,停滞,I097,3,2,肝血停滞への作用(酢)
P_肝_熱_過剰,肝,熱,過剰,I098,3,2,肝熱過剰への作用(スイカ)
P_心_熱_過剰,心,熱,過剰,I098,3,2,心熱過剰への作用(スイカ)
P_脾_気_不足,脾,気,不足,I099,3,2,脾気不足への作用(スズキ)
P_肺_水_不足,肺,水,不足,I100,3,2,肺水不足への作用(スターフルーツ)
P_腎_水_不足,腎,水,不足,I100,3,2,腎水不足への作用(スターフルーツ)
P_肝_熱_過剰,肝,熱,過剰,I101,3,2,肝熱過剰への作用(ズッキーニ)
P_心_熱_過剰,心,熱,過剰,I101,3,2,心熱過剰への作用(ズッキーニ)
P_肺_水_不足,肺,水,不足,I102,3,2,肺水不足への作用(スッポン)
P_腎_水_不足,腎,水,不足,I102,3,2,腎水不足への作用(スッポン)
P_脾_水_停滞,脾,水,停滞,I103,3,2,脾水停滞への作用(スモモ)
P_肺_水_停滞,肺,水,停滞,I103,3,2,肺水停滞への作用(スモモ)
P_腎_水_停滞,腎,水,停滞,I103,3,2,腎水停滞への作用(スモモ)
P_肝_熱_過剰,肝,熱,過剰,I104,3,2,肝熱過剰への作用(セロリ)
P_心_熱_過剰,心,熱,過剰,I104,3,2,心熱過剰への作用(セロリ)
P_脾_気_停滞,脾,気,停滞,I105,3,2,脾気停滞への作用(ソバ)
P_脾_水_停滞,脾,水,停滞,I106,3,2,脾水停滞への作用(空豆)
P_肝_血_停滞,肝,血,停滞,I107,3,2,肝血停滞への作用(ターメリック)
P_脾_気_不足,脾,気,不足,I108,3,2,脾気不足への作用(大根)
P_脾_血_停滞,脾,血,停滞,I108,3,2,脾血停滞への作用(大根)
P_脾_水_停滞,脾,水,停滞,I109,3,2,脾水停滞への作用(大豆・枝豆)
P_肝_気_停滞,肝,気,停滞,I110,3,2,肝気停滞への作用(ダイダイ)
P_脾_気_停滞,脾,気,停滞,I110,3,2,脾気停滞への作用(ダイダイ)
P_肺_気_停滞,肺,気,停滞,I110,3,2,肺気停滞への作用(ダイダイ)
P_肝_熱_過剰,肝,熱,過剰,I111,3,2,肝熱過剰への作用(タケノコ)
P_心_熱_過剰,心,熱,過剰,I111,3,2,心熱過剰への作用(タケノコ)
P_肝_血_不足,肝,血,不足,I112,3,2,肝血不足への作用(タコ)
P_心_血_不足,心,血,不足,I112,3,2,心血不足への作用(タコ)
P_脾_気_不足,脾,気,不足,I113,3,2,脾気不足への作用(タチウオ)
P_肺_水_不足,肺,水,不足,I114,3,2,肺水不足への作用(タマゴ)
P_腎_水_不足,腎,水,不足,I114,3,2,腎水不足への作用(タマゴ)
P_脾_気_停滞,脾,気,停滞,I115,3,2,脾気停滞への作用(タマネギ)
P_脾_気_不足,脾,気,不足,I116,3,2,脾気不足への作用(タラ)
P_肺_気_不足,肺,気,不足,I116,3,2,肺気不足への作用(タラ)
P_肺_水_不足,肺,水,不足,I117,3,2,肺水不足への作用(チーズ)
P_腎_水_不足,腎,水,不足,I117,3,2,腎水不足への作用(チーズ)
P_肝_熱_過剰,肝,熱,過剰,I118,3,2,肝熱過剰への作用(茶葉)
P_心_熱_過剰,心,熱,過剰,I118,3,2,心熱過剰への作用(茶葉)
P_肝_血_停滞,肝,血,停滞,I119,3,2,肝血停滞への作用(チンゲンサイ)
P_脾_気_停滞,脾,気,停滞,I120,3,2,脾気停滞への作用(陳皮（ちんぴ）)
P_脾_熱_不足,脾,熱,不足,I121,3,2,脾熱不足への作用(トウガラシ)
P_脾_水_停滞,脾,水,停滞,I122,3,2,脾水停滞への作用(冬瓜)
P_肺_水_停滞,肺,水,停滞,I122,3,2,肺水停滞への作用(冬瓜)
P_腎_水_停滞,腎,水,停滞,I122,3,2,腎水停滞への作用(冬瓜)
P_脾_水_不足,脾,水,不足,I123,3,2,脾水不足への作用(豆乳)
P_脾_水_停滞,脾,水,停滞,I123,3,2,脾水停滞への作用(豆乳)
P_肺_水_不足,肺,水,不足,I123,3,2,肺水不足への作用(豆乳)
P_肺_水_停滞,肺,水,停滞,I123,3,2,肺水停滞への作用(豆乳)
P_腎_水_不足,腎,水,不足,I123,3,2,腎水不足への作用(豆乳)
P_腎_水_停滞,腎,水,停滞,I123,3,2,腎水停滞への作用(豆乳)
P_脾_熱_過剰,脾,熱,過剰,I124,3,2,脾熱過剰への作用(豆腐)
P_脾_水_停滞,脾,水,停滞,I125,3,2,脾水停滞への作用(トウモロコシ)
P_脾_水_停滞,脾,水,停滞,I126,3,2,脾水停滞への作用(トウモロコシのひげ)
P_肺_水_停滞,肺,水,停滞,I126,3,2,肺水停滞への作用(トウモロコシのひげ)
P_腎_水_停滞,腎,水,停滞,I126,3,2,腎水停滞への作用(トウモロコシのひげ)
P_肝_熱_過剰,肝,熱,過剰,I127,3,2,肝熱過剰への作用(ドクダミ)
P_心_熱_過剰,心,熱,過剰,I127,3,2,心熱過剰への作用(ドクダミ)
P_脾_気_不足,脾,気,不足,I128,3,2,脾気不足への作用(ドジョウ)
P_脾_熱_不足,脾,熱,不足,I129,3,2,脾熱不足への作用(杜仲（とちゅう）)
P_腎_熱_不足,腎,熱,不足,I129,3,2,腎熱不足への作用(杜仲（とちゅう）)
P_脾_熱_過剰,脾,熱,過剰,I130,3,2,脾熱過剰への作用(トマト)
P_脾_気_不足,脾,気,不足,I131,3,2,脾気不足への作用(鶏肉)
P_肝_血_不足,肝,血,不足,I132,3,2,肝血不足への作用(豚足)
P_心_血_不足,心,血,不足,I132,3,2,心血不足への作用(豚足)
P_脾_水_停滞,脾,水,停滞,I133,3,2,脾水停滞への作用(トンブリ)
P_肺_水_停滞,肺,水,停滞,I133,3,2,肺水停滞への作用(トンブリ)
P_腎_水_停滞,腎,水,停滞,I133,3,2,腎水停滞への作用(トンブリ)
P_脾_気_不足,脾,気,不足,I134,3,2,脾気不足への作用(ナガイモ)
P_肝_水_不足,肝,水,不足,I135,3,2,肝水不足への作用(梨)
P_肝_熱_過剰,肝,熱,過剰,I135,3,2,肝熱過剰への作用(梨)
P_心_水_不足,心,水,不足,I135,3,2,心水不足への作用(梨)
P_心_熱_過剰,心,熱,過剰,I135,3,2,心熱過剰への作用(梨)
P_肺_水_不足,肺,水,不足,I135,3,2,肺水不足への作用(梨)
P_肺_熱_過剰,肺,熱,過剰,I135,3,2,肺熱過剰への作用(梨)
P_腎_水_不足,腎,水,不足,I135,3,2,腎水不足への作用(梨)
P_腎_熱_過剰,腎,熱,過剰,I135,3,2,腎熱過剰への作用(梨)
P_脾_血_停滞,脾,血,停滞,I136,3,2,脾血停滞への作用(ナス)
P_脾_水_停滞,脾,水,停滞,I136,3,2,脾水停滞への作用(ナス)
P_脾_熱_過剰,脾,熱,過剰,I136,3,2,脾熱過剰への作用(ナス)
P_脾_気_不足,脾,気,不足,I137,3,2,脾気不足への作用(ナツメ)
P_肝_気_停滞,肝,気,停滞,I138,3,2,肝気停滞への作用(ナツメグ)
P_肝_熱_不足,肝,熱,不足,I138,3,2,肝熱不足への作用(ナツメグ)
P_脾_気_停滞,脾,気,停滞,I138,3,2,脾気停滞への作用(ナツメグ)
P_脾_熱_不足,脾,熱,不足,I138,3,2,脾熱不足への作用(ナツメグ)
P_肺_気_停滞,肺,気,停滞,I138,3,2,肺気停滞への作用(ナツメグ)
P_肺_熱_不足,肺,熱,不足,I138,3,2,肺熱不足への作用(ナツメグ)
P_腎_気_停滞,腎,気,停滞,I138,3,2,腎気停滞への作用(ナツメグ)
P_腎_熱_不足,腎,熱,不足,I138,3,2,腎熱不足への作用(ナツメグ)
P_脾_熱_不足,脾,熱,不足,I139,3,2,脾熱不足への作用(ナマコ)
P_脾_気_不足,脾,気,不足,I140,3,2,脾気不足への作用(ナマズ)
P_肺_気_不足,肺,気,不足,I140,3,2,肺気不足への作用(ナマズ)
P_肝_熱_過剰,肝,熱,過剰,I141,3,2,肝熱過剰への作用(ニガウリ)
P_心_熱_過剰,心,熱,過剰,I141,3,2,心熱過剰への作用(ニガウリ)
P_脾_熱_不足,脾,熱,不足,I142,3,2,脾熱不足への作用(ニラ)
P_腎_熱_不足,腎,熱,不足,I142,3,2,腎熱不足への作用(ニラ)
P_脾_血_不足,脾,血,不足,I143,3,2,脾血不足への作用(ニンジン)
P_脾_熱_不足,脾,熱,不足,I144,3,2,脾熱不足への作用(ニンニク)
P_脾_熱_過剰,脾,熱,過剰,I144,3,2,脾熱過剰への作用(ニンニク)
P_肝_熱_不足,肝,熱,不足,I145,3,2,肝熱不足への作用(ネギ)
P_肝_熱_過剰,肝,熱,過剰,I145,3,2,肝熱過剰への作用(ネギ)
P_心_熱_不足,心,熱,不足,I145,3,2,心熱不足への作用(ネギ)
P_心_熱_過剰,心,熱,過剰,I145,3,2,心熱過剰への作用(ネギ)
P_脾_熱_不足,脾,熱,不足,I145,3,2,脾熱不足への作用(ネギ)
P_脾_熱_過剰,脾,熱,過剰,I145,3,2,脾熱過剰への作用(ネギ)
P_腎_熱_不足,腎,熱,不足,I145,3,2,腎熱不足への作用(ネギ)
P_腎_熱_過剰,腎,熱,過剰,I145,3,2,腎熱過剰への作用(ネギ)
P_肝_血_停滞,肝,血,停滞,I146,3,2,肝血停滞への作用(海苔)
P_肝_水_不足,肝,水,不足,I146,3,2,肝水不足への作用(海苔)
P_肝_水_停滞,肝,水,停滞,I146,3,2,肝水停滞への作用(海苔)
P_肝_熱_過剰,肝,熱,過剰,I146,3,2,肝熱過剰への作用(海苔)
P_心_血_停滞,心,血,停滞,I146,3,2,心血停滞への作用(海苔)
P_心_水_不足,心,水,不足,I146,3,2,心水不足への作用(海苔)
P_心_水_停滞,心,水,停滞,I146,3,2,心水停滞への作用(海苔)
P_心_熱_過剰,心,熱,過剰,I146,3,2,心熱過剰への作用(海苔)
P_脾_血_停滞,脾,血,停滞,I146,3,2,脾血停滞への作用(海苔)
P_脾_水_不足,脾,水,不足,I146,3,2,脾水不足への作用(海苔)
P_脾_水_停滞,脾,水,停滞,I146,3,2,脾水停滞への作用(海苔)
P_脾_熱_過剰,脾,熱,過剰,I146,3,2,脾熱過剰への作用(海苔)
P_肺_血_停滞,肺,血,停滞,I146,3,2,肺血停滞への作用(海苔)
P_肺_水_不足,肺,水,不足,I146,3,2,肺水不足への作用(海苔)
P_肺_水_停滞,肺,水,停滞,I146,3,2,肺水停滞への作用(海苔)
P_肺_熱_過剰,肺,熱,過剰,I146,3,2,肺熱過剰への作用(海苔)
P_腎_血_停滞,腎,血,停滞,I146,3,2,腎血停滞への作用(海苔)
P_腎_水_不足,腎,水,不足,I146,3,2,腎水不足への作用(海苔)
P_腎_水_停滞,腎,水,停滞,I146,3,2,腎水停滞への作用(海苔)
P_腎_熱_過剰,腎,熱,過剰,I146,3,2,腎熱過剰への作用(海苔)
P_脾_気_不足,脾,気,不足,I147,3,2,脾気不足への作用(パイナップル)
P_脾_水_不足,脾,水,不足,I147,3,2,脾水不足への作用(パイナップル)
P_脾_水_停滞,脾,水,停滞,I147,3,2,脾水停滞への作用(パイナップル)
P_脾_熱_過剰,脾,熱,過剰,I147,3,2,脾熱過剰への作用(パイナップル)
P_脾_熱_過剰,脾,熱,過剰,I148,3,2,脾熱過剰への作用(白菜)
P_脾_気_不足,脾,気,不足,I149,3,2,脾気不足への作用(白砂糖)
P_脾_水_不足,脾,水,不足,I149,3,2,脾水不足への作用(白砂糖)
P_脾_気_不足,脾,気,不足,I150,3,2,脾気不足への作用(パクチー（香菜）)
P_脾_熱_不足,脾,熱,不足,I150,3,2,脾熱不足への作用(パクチー（香菜）)
P_肺_気_不足,肺,気,不足,I150,3,2,肺気不足への作用(パクチー（香菜）)
P_肺_熱_不足,肺,熱,不足,I150,3,2,肺熱不足への作用(パクチー（香菜）)
P_腎_気_不足,腎,気,不足,I150,3,2,腎気不足への作用(パクチー（香菜）)
P_腎_熱_不足,腎,熱,不足,I150,3,2,腎熱不足への作用(パクチー（香菜）)
P_脾_気_不足,脾,気,不足,I151,3,2,脾気不足への作用(ハスの実)
P_脾_気_不足,脾,気,不足,I152,3,2,脾気不足への作用(ハチミツ)
P_脾_水_停滞,脾,水,停滞,I153,3,2,脾水停滞への作用(ハトムギ)
P_肝_熱_過剰,肝,熱,過剰,I154,3,2,肝熱過剰への作用(バナナ)
P_心_熱_過剰,心,熱,過剰,I154,3,2,心熱過剰への作用(バナナ)
P_肺_水_不足,肺,水,不足,I155,3,2,肺水不足への作用(馬肉)
P_腎_水_不足,腎,水,不足,I155,3,2,腎水不足への作用(馬肉)
P_脾_熱_不足,脾,熱,不足,I156,3,2,脾熱不足への作用(パプリカ)
P_脾_水_停滞,脾,水,停滞,I157,3,2,脾水停滞への作用(ハマグリ)
P_肺_水_停滞,肺,水,停滞,I157,3,2,肺水停滞への作用(ハマグリ)
P_腎_水_停滞,腎,水,停滞,I157,3,2,腎水停滞への作用(ハマグリ)
P_脾_気_不足,脾,気,不足,I158,3,2,脾気不足への作用(ハム)
P_脾_水_停滞,脾,水,停滞,I159,3,2,脾水停滞への作用(ハモ)
P_脾_血_不足,脾,血,不足,I160,3,2,脾血不足への作用(ピーナッツ)
P_脾_熱_不足,脾,熱,不足,I161,3,2,脾熱不足への作用(ピーマン)
P_脾_熱_不足,脾,熱,不足,I162,3,2,脾熱不足への作用(羊肉)
P_腎_熱_不足,腎,熱,不足,I162,3,2,腎熱不足への作用(羊肉)
P_肺_水_不足,肺,水,不足,I163,3,2,肺水不足への作用(ひまわりの種)
P_腎_水_不足,腎,水,不足,I163,3,2,腎水不足への作用(ひまわりの種)
P_肺_水_不足,肺,水,不足,I164,3,2,肺水不足への作用(ビワ)
P_腎_水_不足,腎,水,不足,I164,3,2,腎水不足への作用(ビワ)
P_脾_熱_不足,脾,熱,不足,I165,3,2,脾熱不足への作用(フェンネル)
P_脾_水_停滞,脾,水,停滞,I166,3,2,脾水停滞への作用(フグ)
P_肺_水_停滞,肺,水,停滞,I166,3,2,肺水停滞への作用(フグ)
P_腎_水_停滞,腎,水,停滞,I166,3,2,腎水停滞への作用(フグ)
P_肺_水_不足,肺,水,不足,I167,3,2,肺水不足への作用(豚肉)
P_腎_水_不足,腎,水,不足,I167,3,2,腎水不足への作用(豚肉)
P_脾_気_不足,脾,気,不足,I168,3,2,脾気不足への作用(豚の胃袋)
P_心_血_不足,心,血,不足,I169,3,2,心血不足への作用(豚のハツ)
P_脾_気_不足,脾,気,不足,I170,3,2,脾気不足への作用(豚の骨)
P_肺_気_不足,肺,気,不足,I170,3,2,肺気不足への作用(豚の骨)
P_肝_血_不足,肝,血,不足,I171,3,2,肝血不足への作用(豚レバー)
P_心_血_不足,心,血,不足,I171,3,2,心血不足への作用(豚レバー)
P_肝_血_不足,肝,血,不足,I172,3,2,肝血不足への作用(ブドウ)
P_心_血_不足,心,血,不足,I172,3,2,心血不足への作用(ブドウ)
P_脾_気_不足,脾,気,不足,I173,3,2,脾気不足への作用(ブロッコリー)
P_脾_気_不足,脾,気,不足,I174,3,2,脾気不足への作用(ヘーゼルナッツ)
P_脾_水_不足,脾,水,不足,I174,3,2,脾水不足への作用(ヘーゼルナッツ)
P_肝_血_不足,肝,血,不足,I175,3,2,肝血不足への作用(ホウレンソウ)
P_心_血_不足,心,血,不足,I175,3,2,心血不足への作用(ホウレンソウ)
P_脾_水_不足,脾,水,不足,I176,3,2,脾水不足への作用(ホタテ)
P_肝_気_停滞,肝,気,停滞,I177,3,2,肝気停滞への作用(マイカイカ（玫瑰花）)
P_脾_気_停滞,脾,気,停滞,I177,3,2,脾気停滞への作用(マイカイカ（玫瑰花）)
P_肺_気_停滞,肺,気,停滞,I177,3,2,肺気停滞への作用(マイカイカ（玫瑰花）)
P_脾_熱_不足,脾,熱,不足,I178,3,2,脾熱不足への作用(マス)
P_肝_気_停滞,肝,気,停滞,I179,3,2,肝気停滞への作用(マスタード)
P_肝_熱_不足,肝,熱,不足,I179,3,2,肝熱不足への作用(マスタード)
P_脾_気_停滞,脾,気,停滞,I179,3,2,脾気停滞への作用(マスタード)
P_脾_熱_不足,脾,熱,不足,I179,3,2,脾熱不足への作用(マスタード)
P_肺_気_停滞,肺,気,停滞,I179,3,2,肺気停滞への作用(マスタード)
P_肺_熱_不足,肺,熱,不足,I179,3,2,肺熱不足への作用(マスタード)
P_腎_気_停滞,腎,気,停滞,I179,3,2,腎気停滞への作用(マスタード)
P_腎_熱_不足,腎,熱,不足,I179,3,2,腎熱不足への作用(マスタード)
P_肺_水_不足,肺,水,不足,I180,3,2,肺水不足への作用(松の実)
P_腎_水_不足,腎,水,不足,I180,3,2,腎水不足への作用(松の実)
P_脾_気_不足,脾,気,不足,I181,3,2,脾気不足への作用(マナガツオ)
P_肝_熱_過剰,肝,熱,過剰,I182,3,2,肝熱過剰への作用(マンゴー)
P_心_熱_過剰,心,熱,過剰,I182,3,2,心熱過剰への作用(マンゴー)
P_脾_気_停滞,脾,気,停滞,I183,3,2,脾気停滞への作用(ミカン)
P_肝_熱_過剰,肝,熱,過剰,I184,3,2,肝熱過剰への作用(味噌)
P_心_熱_過剰,心,熱,過剰,I184,3,2,心熱過剰への作用(味噌)
P_肝_血_停滞,肝,血,停滞,I185,3,2,肝血停滞への作用(ミツバ)
P_肝_熱_不足,肝,熱,不足,I185,3,2,肝熱不足への作用(ミツバ)
P_肝_熱_過剰,肝,熱,過剰,I185,3,2,肝熱過剰への作用(ミツバ)
P_心_血_停滞,心,血,停滞,I185,3,2,心血停滞への作用(ミツバ)
P_心_熱_不足,心,熱,不足,I185,3,2,心熱不足への作用(ミツバ)
P_心_熱_過剰,心,熱,過剰,I185,3,2,心熱過剰への作用(ミツバ)
P_脾_血_停滞,脾,血,停滞,I185,3,2,脾血停滞への作用(ミツバ)
P_脾_熱_不足,脾,熱,不足,I185,3,2,脾熱不足への作用(ミツバ)
P_脾_熱_過剰,脾,熱,過剰,I185,3,2,脾熱過剰への作用(ミツバ)
P_腎_血_停滞,腎,血,停滞,I185,3,2,腎血停滞への作用(ミツバ)
P_腎_熱_不足,腎,熱,不足,I185,3,2,腎熱不足への作用(ミツバ)
P_腎_熱_過剰,腎,熱,過剰,I185,3,2,腎熱過剰への作用(ミツバ)
P_脾_気_停滞,脾,気,停滞,I186,3,2,脾気停滞への作用(ミョウガ)
P_脾_熱_不足,脾,熱,不足,I186,3,2,脾熱不足への作用(ミョウガ)
P_脾_熱_過剰,脾,熱,過剰,I186,3,2,脾熱過剰への作用(ミョウガ)
P_肝_気_停滞,肝,気,停滞,I187,3,2,肝気停滞への作用(ミント（薄荷）)
P_脾_気_停滞,脾,気,停滞,I187,3,2,脾気停滞への作用(ミント（薄荷）)
P_肺_気_停滞,肺,気,停滞,I187,3,2,肺気停滞への作用(ミント（薄荷）)
P_肺_水_不足,肺,水,不足,I188,3,2,肺水不足への作用(ムール貝)
P_腎_水_不足,腎,水,不足,I188,3,2,腎水不足への作用(ムール貝)
P_肝_熱_過剰,肝,熱,過剰,I189,3,2,肝熱過剰への作用(メロン)
P_心_熱_過剰,心,熱,過剰,I189,3,2,心熱過剰への作用(メロン)
P_脾_気_不足,脾,気,不足,I190,3,2,脾気不足への作用(もち・もち米)
P_脾_気_不足,脾,気,不足,I191,3,2,脾気不足への作用(モモ)
P_脾_気_停滞,脾,気,停滞,I192,3,2,脾気停滞への作用(ユズ)
P_脾_熱_過剰,脾,熱,過剰,I193,3,2,脾熱過剰への作用(湯葉)
P_肺_水_不足,肺,水,不足,I194,3,2,肺水不足への作用(ゆり根)
P_腎_水_不足,腎,水,不足,I194,3,2,腎水不足への作用(ゆり根)
P_脾_熱_不足,脾,熱,不足,I195,3,2,脾熱不足への作用(ヨモギ)
P_腎_熱_不足,腎,熱,不足,I195,3,2,腎熱不足への作用(ヨモギ)
P_脾_血_不足,脾,血,不足,I196,3,2,脾血不足への作用(ライチ)
P_肝_気_停滞,肝,気,停滞,I197,3,2,肝気停滞への作用(ラッキョウ)
P_脾_気_停滞,脾,気,停滞,I197,3,2,脾気停滞への作用(ラッキョウ)
P_肺_気_停滞,肺,気,停滞,I197,3,2,肺気停滞への作用(ラッキョウ)
P_心_血_不足,心,血,不足,I198,3,2,心血不足への作用(竜眼肉（りゅうがんにく）)
P_肝_熱_過剰,肝,熱,過剰,I199,3,2,肝熱過剰への作用(緑豆（りょくず、りょくとう）)
P_心_熱_過剰,心,熱,過剰,I199,3,2,心熱過剰への作用(緑豆（りょくず、りょくとう）)
P_肝_熱_過剰,肝,熱,過剰,I200,3,2,肝熱過剰への作用(リンゴ)
P_心_熱_過剰,心,熱,過剰,I200,3,2,心熱過剰への作用(リンゴ)
P_脾_水_停滞,脾,水,停滞,I201,3,2,脾水停滞への作用(レタス)
P_肺_水_停滞,肺,水,停滞,I201,3,2,肺水停滞への作用(レタス)
P_腎_水_停滞,腎,水,停滞,I201,3,2,腎水停滞への作用(レタス)
P_肺_水_不足,肺,水,不足,I202,3,2,肺水不足への作用(レモン)
P_腎_水_不足,腎,水,不足,I202,3,2,腎水不足への作用(レモン)
P_脾_血_不足,脾,血,不足,I203,3,2,脾血不足への作用(レンコン)
P_脾_水_不足,脾,水,不足,I203,3,2,脾水不足への作用(レンコン)
P_脾_熱_過剰,脾,熱,過剰,I203,3,2,脾熱過剰への作用(レンコン)
